Workbook

Sheet Calculos
A1: Datos medidos | D1: Parametros Viga | I1: Comparación
A2: P (Carga en kN) | B2: δ (Deflexión en mm) | D2: L (mm) | E2: =4*1000 -> 4000 | F2: Luz entre los apoyos | I2: Deflexión teórica (mm) | J2: Deflexión real(mm) | K2: Diferencia relativa
A3: 0 | B3: 0 | D3: b(mm) | E3: =0.2*1000 -> 200 | F3: Ancho | I3: =B15 -> 0 | J3: 0 | K3: =(J3-I3) -> 0
A4: 5 | B4: 0.26 | D4: h (mm) | E4: =0.4*1000 -> 400 | F4: Altura | I4: =B16 -> 0.25 | J4: 0.26 | K4: =(J4-I4)/I4 -> 0.04
A5: 10 | B5: 0.5 | D5: E (Gpa) | E5: 25 | F5: Módulo de elasticidad | I5: =B17 -> 0.5 | J5: 0.5 | K5: =(J5-I5)/I5 -> 0
A6: 15 | B6: 0.76 | I6: =B18 -> 0.75 | J6: 0.76 | K6: =(J6-I6)/I6 -> 0.013333333
A7: 20 | B7: 1.01 | D7: I (Inercia Viga en mm^4) | I7: =B19 -> 1 | J7: 1.01 | K7: =(J7-I7)/I7 -> 0.01
A8: 25 | B8: 1.28 | D8: =(E3*(E4^3))/12 -> 1.0666667e+09 | I8: =B20 -> 1.25 | J8: 1.28 | K8: =(J8-I8)/I8 -> 0.024
A9: 30 | B9: 1.54 | I9: =B21 -> 1.5 | J9: 1.54 | K9: =(J9-I9)/I9 -> 0.026666667
A10: 35 | B10: 1.77 | I10: =B22 -> 1.75 | J10: 1.77 | K10: =(J10-I10)/I10 -> 0.011428571
A11: 40 | B11: 2.05 | I11: =B23 -> 2 | J11: 2.05 | K11: =(J11-I11)/I11 -> 0.025
A13: Deflexión teórica | I13: Verificación
A14: Carga (kN) | B14: Deflexión (mm) | I14: =A2 -> P (Carga en kN) | J14: =B2 -> δ (Deflexión en mm) | K14: δ/P (mm/kN)
A15: 0 | B15: =(($E$2^3)*A15)/(48*$E$5*$D$8) -> 0 | I15: =A3 -> 0 | J15: =B3 -> 0
A16: 5 | B16: =(($E$2^3)*A16)/(48*$E$5*$D$8) -> 0.25 | I16: =A4 -> 5 | J16: =B4 -> 0.26 | K16: =J16/I16 -> 0.052
A17: 10 | B17: =(($E$2^3)*A17)/(48*$E$5*$D$8) -> 0.5 | I17: =A5 -> 10 | J17: =B5 -> 0.5 | K17: =J17/I17 -> 0.05
A18: 15 | B18: =(($E$2^3)*A18)/(48*$E$5*$D$8) -> 0.75 | I18: =A6 -> 15 | J18: =B6 -> 0.76 | K18: =J18/I18 -> 0.050666667
A19: 20 | B19: =(($E$2^3)*A19)/(48*$E$5*$D$8) -> 1 | I19: =A7 -> 20 | J19: =B7 -> 1.01 | K19: =J19/I19 -> 0.0505
A20: 25 | B20: =(($E$2^3)*A20)/(48*$E$5*$D$8) -> 1.25 | I20: =A8 -> 25 | J20: =B8 -> 1.28 | K20: =J20/I20 -> 0.0512
A21: 30 | B21: =(($E$2^3)*A21)/(48*$E$5*$D$8) -> 1.5 | I21: =A9 -> 30 | J21: =B9 -> 1.54 | K21: =J21/I21 -> 0.051333333
A22: 35 | B22: =(($E$2^3)*A22)/(48*$E$5*$D$8) -> 1.75 | I22: =A10 -> 35 | J22: =B10 -> 1.77 | K22: =J22/I22 -> 0.050571429
A23: 40 | B23: =(($E$2^3)*A23)/(48*$E$5*$D$8) -> 2 | I23: =A11 -> 40 | J23: =B11 -> 2.05 | K23: =J23/I23 -> 0.05125
I25: Promedio δ/P | J25: =AVERAGE(K16:K23) -> 0.050940179 | K25: mm/kN
I26: Desviación estandar δ/P | J26: =_xlfn.STDEV.S(K16:K23) -> 0.00062447313 | K26: mm/kN
I27: Coef. De Variación | J27: =J26/J25 -> 0.012258951

Sheet Gráfico
A1: P (Carga en kN) | B1: =Calculos!I2 -> Deflexión teórica (mm) | C1: =Calculos!J2 -> Deflexión real(mm)
A2: 0 | B2: =Calculos!I3 -> 0 | C2: =Calculos!J3 -> 0
A3: 5 | B3: =Calculos!I4 -> 0.25 | C3: =Calculos!J4 -> 0.26
A4: 10 | B4: =Calculos!I5 -> 0.5 | C4: =Calculos!J5 -> 0.5
A5: 15 | B5: =Calculos!I6 -> 0.75 | C5: =Calculos!J6 -> 0.76
A6: 20 | B6: =Calculos!I7 -> 1 | C6: =Calculos!J7 -> 1.01
A7: 25 | B7: =Calculos!I8 -> 1.25 | C7: =Calculos!J8 -> 1.28
A8: 30 | B8: =Calculos!I9 -> 1.5 | C8: =Calculos!J9 -> 1.54
A9: 35 | B9: =Calculos!I10 -> 1.75 | C9: =Calculos!J10 -> 1.77
A10: 40 | B10: =Calculos!I11 -> 2 | C10: =Calculos!J11 -> 2.05
